<?xml version="1.0" encoding="UTF-8" ?>
		<!--
		 Created by XML Export feature at MyAnimeList.net
		 Version 1.1.0
		-->
		
		<myanimelist>
		
			<myinfo>
				<user_id>15514730</user_id>
				<user_name>NicoEuTeAmo</user_name>
				<user_export_type>1</user_export_type>
				<user_total_anime>92</user_total_anime>
				<user_total_watching>1</user_total_watching>
				<user_total_completed>82</user_total_completed>
				<user_total_onhold>3</user_total_onhold>
				<user_total_dropped>0</user_total_dropped>
				<user_total_plantowatch>6</user_total_plantowatch>
			</myinfo>
		
		
				<anime>
					<series_animedb_id>37206</series_animedb_id>
					<series_title><![CDATA[Anima Yell!]]></series_title>
					<series_type>TV</series_type>
					<series_episodes>12</series_episodes>
					<my_id>0</my_id>
					<my_watched_episodes>12</my_watched_episodes>
					<my_start_date>0000-00-00</my_start_date>
					<my_finish_date>2022-08-20</my_finish_date>
					<my_rated></my_rated>
					<my_score>6</my_score>
					<my_storage></my_storage>
					<my_storage_value>0.00</my_storage_value>
					<my_status>Completed</my_status>
					<my_comments><![CDATA[]]></my_comments>
					<my_times_watched>0</my_times_watched>
					<my_rewatch_value></my_rewatch_value>
					<my_priority>LOW</my_priority>
					<my_tags><![CDATA[]]></my_tags>
					<my_rewatching>0</my_rewatching>
					<my_rewatching_ep>0</my_rewatching_ep>
					<my_discuss>1</my_discuss>
					<my_sns>default</my_sns>
					<update_on_import>0</update_on_import>
				</anime>
			
				<anime>
					<series_animedb_id>31080</series_animedb_id>
					<series_title><![CDATA[Anne Happy♪]]></series_title>
					<series_type>TV</series_type>
					<series_episodes>12</series_episodes>
					<my_id>0</my_id>
					<my_watched_episodes>12</my_watched_episodes>
					<my_start_date>0000-00-00</my_start_date>
					<my_finish_date>2022-08-20</my_finish_date>
					<my_rated></my_rated>
					<my_score>6</my_score>
					<my_storage></my_storage>
					<my_storage_value>0.00</my_storage_value>
					<my_status>Completed</my_status>
					<my_comments><![CDATA[]]></my_comments>
					<my_times_watched>0</my_times_watched>
					<my_rewatch_value></my_rewatch_value>
					<my_priority>LOW</my_priority>
					<my_tags><![CDATA[]]></my_tags>
					<my_rewatching>0</my_rewatching>
					<my_rewatching_ep>0</my_rewatching_ep>
					<my_discuss>1</my_discuss>
					<my_sns>default</my_sns>
					<update_on_import>0</update_on_import>
				</anime>
			
				<anime>
					<series_animedb_id>33573</series_animedb_id>
					<series_title><![CDATA[BanG Dream!]]></series_title>
					<series_type>TV</series_type>
					<series_episodes>13</series_episodes>
					<my_id>0</my_id>
					<my_watched_episodes>13</my_watched_episodes>
					<my_start_date>0000-00-00</my_start_date>
					<my_finish_date>2022-08-20</my_finish_date>
					<my_rated></my_rated>
					<my_score>7</my_score>
					<my_storage></my_storage>
					<my_storage_value>0.00</my_storage_value>
					<my_status>Completed</my_status>
					<my_comments><![CDATA[]]></my_comments>
					<my_times_watched>0</my_times_watched>
					<my_rewatch_value></my_rewatch_value>
					<my_priority>LOW</my_priority>
					<my_tags><![CDATA[]]></my_tags>
					<my_rewatching>0</my_rewatching>
					<my_rewatching_ep>0</my_rewatching_ep>
					<my_discuss>1</my_discuss>
					<my_sns>default</my_sns>
					<update_on_import>0</update_on_import>
				</anime>
			
				<anime>
					<series_animedb_id>37869</series_animedb_id>
					<series_title><![CDATA[BanG Dream! 2nd Season]]></series_title>
					<series_type>TV</series_type>
					<series_episodes>13</series_episodes>
					<my_id>0</my_id>
					<my_watched_episodes>13</my_watched_episodes>
					<my_start_date>0000-00-00</my_start_date>
					<my_finish_date>2022-08-20</my_finish_date>
					<my_rated></my_rated>
					<my_score>7</my_score>
					<my_storage></my_storage>
					<my_storage_value>0.00</my_storage_value>
					<my_status>Completed</my_status>
					<my_comments><![CDATA[]]></my_comments>
					<my_times_watched>0</my_times_watched>
					<my_rewatch_value></my_rewatch_value>
					<my_priority>LOW</my_priority>
					<my_tags><![CDATA[]]></my_tags>
					<my_rewatching>0</my_rewatching>
					<my_rewatching_ep>0</my_rewatching_ep>
					<my_discuss>1</my_discuss>
					<my_sns>default</my_sns>
					<update_on_import>0</update_on_import>
				</anime>
			
				<anime>
					<series_animedb_id>37870</series_animedb_id>
					<series_title><![CDATA[BanG Dream! 3rd Season]]></series_title>
					<series_type>TV</series_type>
					<series_episodes>13</series_episodes>
					<my_id>0</my_id>
					<my_watched_episodes>13</my_watched_episodes>
					<my_start_date>0000-00-00</my_start_date>
					<my_finish_date>2022-08-20</my_finish_date>
					<my_rated></my_rated>
					<my_score>9</my_score>
					<my_storage></my_storage>
					<my_storage_value>0.00</my_storage_value>
					<my_status>Completed</my_status>
					<my_comments><![CDATA[]]></my_comments>
					<my_times_watched>0</my_times_watched>
					<my_rewatch_value></my_rewatch_value>
					<my_priority>LOW</my_priority>
					<my_tags><![CDATA[]]></my_tags>
					<my_rewatching>0</my_rewatching>
					<my_rewatching_ep>0</my_rewatching_ep>
					<my_discuss>1</my_discuss>
					<my_sns>default</my_sns>
					<update_on_import>0</update_on_import>
				</anime>
			
				<anime>
					<series_animedb_id>37716</series_animedb_id>
					<series_title><![CDATA[Beelzebub-jou no Okinimesu mama.]]></series_title>
					<series_type>TV</series_type>
					<series_episodes>12</series_episodes>
					<my_id>0</my_id>
					<my_watched_episodes>12</my_watched_episodes>
					<my_start_date>0000-00-00</my_start_date>
					<my_finish_date>2022-08-20</my_finish_date>
					<my_rated></my_rated>
					<my_score>8</my_score>
					<my_storage></my_storage>
					<my_storage_value>0.00</my_storage_value>
					<my_status>Completed</my_status>
					<my_comments><![CDATA[]]></my_comments>
					<my_times_watched>0</my_times_watched>
					<my_rewatch_value></my_rewatch_value>
					<my_priority>LOW</my_priority>
					<my_tags><![CDATA[]]></my_tags>
					<my_rewatching>0</my_rewatching>
					<my_rewatching_ep>0</my_rewatching_ep>
					<my_discuss>1</my_discuss>
					<my_sns>default</my_sns>
					<update_on_import>0</update_on_import>
				</anime>
			
				<anime>
					<series_animedb_id>34618</series_animedb_id>
					<series_title><![CDATA[Blend S]]></series_title>
					<series_type>TV</series_type>
					<series_episodes>12</series_episodes>
					<my_id>0</my_id>
					<my_watched_episodes>12</my_watched_episodes>
					<my_start_date>0000-00-00</my_start_date>
					<my_finish_date>2022-08-20</my_finish_date>
					<my_rated></my_rated>
					<my_score>8</my_score>
					<my_storage></my_storage>
					<my_storage_value>0.00</my_storage_value>
					<my_status>Completed</my_status>
					<my_comments><![CDATA[]]></my_comments>
					<my_times_watched>0</my_times_watched>
					<my_rewatch_value></my_rewatch_value>
					<my_priority>LOW</my_priority>
					<my_tags><![CDATA[]]></my_tags>
					<my_rewatching>0</my_rewatching>
					<my_rewatching_ep>0</my_rewatching_ep>
					<my_discuss>1</my_discuss>
					<my_sns>default</my_sns>
					<update_on_import>0</update_on_import>
				</anime>
			
				<anime>
					<series_animedb_id>40060</series_animedb_id>
					<series_title><![CDATA[BNA]]></series_title>
					<series_type>TV</series_type>
					<series_episodes>12</series_episodes>
					<my_id>0</my_id>
					<my_watched_episodes>12</my_watched_episodes>
					<my_start_date>0000-00-00</my_start_date>
					<my_finish_date>2022-08-20</my_finish_date>
					<my_rated></my_rated>
					<my_score>7</my_score>
					<my_storage></my_storage>
					<my_storage_value>0.00</my_storage_value>
					<my_status>Completed</my_status>
					<my_comments><![CDATA[]]></my_comments>
					<my_times_watched>0</my_times_watched>
					<my_rewatch_value></my_rewatch_value>
					<my_priority>LOW</my_priority>
					<my_tags><![CDATA[]]></my_tags>
					<my_rewatching>0</my_rewatching>
					<my_rewatching_ep>0</my_rewatching_ep>
					<my_discuss>1</my_discuss>
					<my_sns>default</my_sns>
					<update_on_import>0</update_on_import>
				</anime>
			
				<anime>
					<series_animedb_id>31043</series_animedb_id>
					<series_title><![CDATA[Boku dake ga Inai Machi]]></series_title>
					<series_type>TV</series_type>
					<series_episodes>12</series_episodes>
					<my_id>0</my_id>
					<my_watched_episodes>12</my_watched_episodes>
					<my_start_date>0000-00-00</my_start_date>
					<my_finish_date>2022-08-20</my_finish_date>
					<my_rated></my_rated>
					<my_score>5</my_score>
					<my_storage></my_storage>
					<my_storage_value>0.00</my_storage_value>
					<my_status>Completed</my_status>
					<my_comments><![CDATA[]]></my_comments>
					<my_times_watched>0</my_times_watched>
					<my_rewatch_value></my_rewatch_value>
					<my_priority>LOW</my_priority>
					<my_tags><![CDATA[]]></my_tags>
					<my_rewatching>0</my_rewatching>
					<my_rewatching_ep>0</my_rewatching_ep>
					<my_discuss>1</my_discuss>
					<my_sns>default</my_sns>
					<update_on_import>0</update_on_import>
				</anime>
			
				<anime>
					<series_animedb_id>31964</series_animedb_id>
					<series_title><![CDATA[Boku no Hero Academia]]></series_title>
					<series_type>TV</series_type>
					<series_episodes>13</series_episodes>
					<my_id>0</my_id>
					<my_watched_episodes>13</my_watched_episodes>
					<my_start_date>0000-00-00</my_start_date>
					<my_finish_date>2022-08-20</my_finish_date>
					<my_rated></my_rated>
					<my_score>8</my_score>
					<my_storage></my_storage>
					<my_storage_value>0.00</my_storage_value>
					<my_status>Completed</my_status>
					<my_comments><![CDATA[]]></my_comments>
					<my_times_watched>0</my_times_watched>
					<my_rewatch_value></my_rewatch_value>
					<my_priority>LOW</my_priority>
					<my_tags><![CDATA[]]></my_tags>
					<my_rewatching>0</my_rewatching>
					<my_rewatching_ep>0</my_rewatching_ep>
					<my_discuss>1</my_discuss>
					<my_sns>default</my_sns>
					<update_on_import>0</update_on_import>
				</anime>
			
				<anime>
					<series_animedb_id>33486</series_animedb_id>
					<series_title><![CDATA[Boku no Hero Academia 2nd Season]]></series_title>
					<series_type>TV</series_type>
					<series_episodes>25</series_episodes>
					<my_id>0</my_id>
					<my_watched_episodes>25</my_watched_episodes>
					<my_start_date>0000-00-00</my_start_date>
					<my_finish_date>0000-00-00</my_finish_date>
					<my_rated></my_rated>
					<my_score>9</my_score>
					<my_storage></my_storage>
					<my_storage_value>0.00</my_storage_value>
					<my_status>Completed</my_status>
					<my_comments><![CDATA[]]></my_comments>
					<my_times_watched>0</my_times_watched>
					<my_rewatch_value></my_rewatch_value>
					<my_priority>LOW</my_priority>
					<my_tags><![CDATA[]]></my_tags>
					<my_rewatching>0</my_rewatching>
					<my_rewatching_ep>0</my_rewatching_ep>
					<my_discuss>1</my_discuss>
					<my_sns>default</my_sns>
					<update_on_import>0</update_on_import>
				</anime>
			
				<anime>
					<series_animedb_id>36456</series_animedb_id>
					<series_title><![CDATA[Boku no Hero Academia 3rd Season]]></series_title>
					<series_type>TV</series_type>
					<series_episodes>25</series_episodes>
					<my_id>0</my_id>
					<my_watched_episodes>25</my_watched_episodes>
					<my_start_date>0000-00-00</my_start_date>
					<my_finish_date>2022-08-20</my_finish_date>
					<my_rated></my_rated>
					<my_score>8</my_score>
					<my_storage></my_storage>
					<my_storage_value>0.00</my_storage_value>
					<my_status>Completed</my_status>
					<my_comments><![CDATA[]]></my_comments>
					<my_times_watched>0</my_times_watched>
					<my_rewatch_value></my_rewatch_value>
					<my_priority>LOW</my_priority>
					<my_tags><![CDATA[]]></my_tags>
					<my_rewatching>0</my_rewatching>
					<my_rewatching_ep>0</my_rewatching_ep>
					<my_discuss>1</my_discuss>
					<my_sns>default</my_sns>
					<update_on_import>0</update_on_import>
				</anime>
			
				<anime>
					<series_animedb_id>38408</series_animedb_id>
					<series_title><![CDATA[Boku no Hero Academia 4th Season]]></series_title>
					<series_type>TV</series_type>
					<series_episodes>25</series_episodes>
					<my_id>0</my_id>
					<my_watched_episodes>25</my_watched_episodes>
					<my_start_date>0000-00-00</my_start_date>
					<my_finish_date>2022-08-20</my_finish_date>
					<my_rated></my_rated>
					<my_score>6</my_score>
					<my_storage></my_storage>
					<my_storage_value>0.00</my_storage_value>
					<my_status>Completed</my_status>
					<my_comments><![CDATA[]]></my_comments>
					<my_times_watched>0</my_times_watched>
					<my_rewatch_value></my_rewatch_value>
					<my_priority>LOW</my_priority>
					<my_tags><![CDATA[]]></my_tags>
					<my_rewatching>0</my_rewatching>
					<my_rewatching_ep>0</my_rewatching_ep>
					<my_discuss>1</my_discuss>
					<my_sns>default</my_sns>
					<update_on_import>0</update_on_import>
				</anime>
			
				<anime>
					<series_animedb_id>9907</series_animedb_id>
					<series_title><![CDATA[Bokura no Live Kimi to no Life]]></series_title>
					<series_type>Music</series_type>
					<series_episodes>1</series_episodes>
					<my_id>0</my_id>
					<my_watched_episodes>1</my_watched_episodes>
					<my_start_date>0000-00-00</my_start_date>
					<my_finish_date>0000-00-00</my_finish_date>
					<my_rated></my_rated>
					<my_score>0</my_score>
					<my_storage></my_storage>
					<my_storage_value>0.00</my_storage_value>
					<my_status>Completed</my_status>
					<my_comments><![CDATA[]]></my_comments>
					<my_times_watched>0</my_times_watched>
					<my_rewatch_value></my_rewatch_value>
					<my_priority>LOW</my_priority>
					<my_tags><![CDATA[]]></my_tags>
					<my_rewatching>0</my_rewatching>
					<my_rewatching_ep>0</my_rewatching_ep>
					<my_discuss>1</my_discuss>
					<my_sns>default</my_sns>
					<update_on_import>0</update_on_import>
				</anime>
			
				<anime>
					<series_animedb_id>35756</series_animedb_id>
					<series_title><![CDATA[Comic Girls]]></series_title>
					<series_type>TV</series_type>
					<series_episodes>12</series_episodes>
					<my_id>0</my_id>
					<my_watched_episodes>12</my_watched_episodes>
					<my_start_date>0000-00-00</my_start_date>
					<my_finish_date>2022-11-14</my_finish_date>
					<my_rated></my_rated>
					<my_score>7</my_score>
					<my_storage></my_storage>
					<my_storage_value>0.00</my_storage_value>
					<my_status>Completed</my_status>
					<my_comments><![CDATA[]]></my_comments>
					<my_times_watched>0</my_times_watched>
					<my_rewatch_value></my_rewatch_value>
					<my_priority>LOW</my_priority>
					<my_tags><![CDATA[]]></my_tags>
					<my_rewatching>0</my_rewatching>
					<my_rewatching_ep>0</my_rewatching_ep>
					<my_discuss>1</my_discuss>
					<my_sns>default</my_sns>
					<update_on_import>0</update_on_import>
				</anime>
			
				<anime>
					<series_animedb_id>51586</series_animedb_id>
					<series_title><![CDATA[D4DJ: All Mix]]></series_title>
					<series_type>TV</series_type>
					<series_episodes>0</series_episodes>
					<my_id>0</my_id>
					<my_watched_episodes>0</my_watched_episodes>
					<my_start_date>0000-00-00</my_start_date>
					<my_finish_date>0000-00-00</my_finish_date>
					<my_rated></my_rated>
					<my_score>0</my_score>
					<my_storage></my_storage>
					<my_storage_value>0.00</my_storage_value>
					<my_status>Plan to Watch</my_status>
					<my_comments><![CDATA[]]></my_comments>
					<my_times_watched>0</my_times_watched>
					<my_rewatch_value></my_rewatch_value>
					<my_priority>LOW</my_priority>
					<my_tags><![CDATA[]]></my_tags>
					<my_rewatching>0</my_rewatching>
					<my_rewatching_ep>0</my_rewatching_ep>
					<my_discuss>1</my_discuss>
					<my_sns>default</my_sns>
					<update_on_import>0</update_on_import>
				</anime>
			
				<anime>
					<series_animedb_id>39681</series_animedb_id>
					<series_title><![CDATA[D4DJ: First Mix]]></series_title>
					<series_type>TV</series_type>
					<series_episodes>13</series_episodes>
					<my_id>0</my_id>
					<my_watched_episodes>13</my_watched_episodes>
					<my_start_date>0000-00-00</my_start_date>
					<my_finish_date>2022-08-20</my_finish_date>
					<my_rated></my_rated>
					<my_score>8</my_score>
					<my_storage></my_storage>
					<my_storage_value>0.00</my_storage_value>
					<my_status>Completed</my_status>
					<my_comments><![CDATA[]]></my_comments>
					<my_times_watched>0</my_times_watched>
					<my_rewatch_value></my_rewatch_value>
					<my_priority>LOW</my_priority>
					<my_tags><![CDATA[]]></my_tags>
					<my_rewatching>0</my_rewatching>
					<my_rewatching_ep>0</my_rewatching_ep>
					<my_discuss>1</my_discuss>
					<my_sns>default</my_sns>
					<update_on_import>0</update_on_import>
				</anime>
			
				<anime>
					<series_animedb_id>1535</series_animedb_id>
					<series_title><![CDATA[Death Note]]></series_title>
					<series_type>TV</series_type>
					<series_episodes>37</series_episodes>
					<my_id>0</my_id>
					<my_watched_episodes>37</my_watched_episodes>
					<my_start_date>0000-00-00</my_start_date>
					<my_finish_date>0000-00-00</my_finish_date>
					<my_rated></my_rated>
					<my_score>9</my_score>
					<my_storage></my_storage>
					<my_storage_value>0.00</my_storage_value>
					<my_status>Completed</my_status>
					<my_comments><![CDATA[]]></my_comments>
					<my_times_watched>0</my_times_watched>
					<my_rewatch_value></my_rewatch_value>
					<my_priority>LOW</my_priority>
					<my_tags><![CDATA[]]></my_tags>
					<my_rewatching>0</my_rewatching>
					<my_rewatching_ep>0</my_rewatching_ep>
					<my_discuss>1</my_discuss>
					<my_sns>default</my_sns>
					<update_on_import>0</update_on_import>
				</anime>
			
				<anime>
					<series_animedb_id>48542</series_animedb_id>
					<series_title><![CDATA[Do It Yourself!!]]></series_title>
					<series_type>TV</series_type>
					<series_episodes>12</series_episodes>
					<my_id>0</my_id>
					<my_watched_episodes>7</my_watched_episodes>
					<my_start_date>2022-10-22</my_start_date>
					<my_finish_date>0000-00-00</my_finish_date>
					<my_rated></my_rated>
					<my_score>0</my_score>
					<my_storage></my_storage>
					<my_storage_value>0.00</my_storage_value>
					<my_status>Watching</my_status>
					<my_comments><![CDATA[]]></my_comments>
					<my_times_watched>0</my_times_watched>
					<my_rewatch_value></my_rewatch_value>
					<my_priority>LOW</my_priority>
					<my_tags><![CDATA[]]></my_tags>
					<my_rewatching>0</my_rewatching>
					<my_rewatching_ep>0</my_rewatching_ep>
					<my_discuss>1</my_discuss>
					<my_sns>default</my_sns>
					<update_on_import>0</update_on_import>
				</anime>
			
				<anime>
					<series_animedb_id>6702</series_animedb_id>
					<series_title><![CDATA[Fairy Tail]]></series_title>
					<series_type>TV</series_type>
					<series_episodes>175</series_episodes>
					<my_id>0</my_id>
					<my_watched_episodes>175</my_watched_episodes>
					<my_start_date>0000-00-00</my_start_date>
					<my_finish_date>2022-08-20</my_finish_date>
					<my_rated></my_rated>
					<my_score>6</my_score>
					<my_storage></my_storage>
					<my_storage_value>0.00</my_storage_value>
					<my_status>Completed</my_status>
					<my_comments><![CDATA[]]></my_comments>
					<my_times_watched>0</my_times_watched>
					<my_rewatch_value></my_rewatch_value>
					<my_priority>LOW</my_priority>
					<my_tags><![CDATA[]]></my_tags>
					<my_rewatching>0</my_rewatching>
					<my_rewatching_ep>0</my_rewatching_ep>
					<my_discuss>1</my_discuss>
					<my_sns>default</my_sns>
					<update_on_import>0</update_on_import>
				</anime>
			
				<anime>
					<series_animedb_id>22043</series_animedb_id>
					<series_title><![CDATA[Fairy Tail (2014)]]></series_title>
					<series_type>TV</series_type>
					<series_episodes>102</series_episodes>
					<my_id>0</my_id>
					<my_watched_episodes>102</my_watched_episodes>
					<my_start_date>0000-00-00</my_start_date>
					<my_finish_date>2022-08-20</my_finish_date>
					<my_rated></my_rated>
					<my_score>6</my_score>
					<my_storage></my_storage>
					<my_storage_value>0.00</my_storage_value>
					<my_status>Completed</my_status>
					<my_comments><![CDATA[]]></my_comments>
					<my_times_watched>0</my_times_watched>
					<my_rewatch_value></my_rewatch_value>
					<my_priority>LOW</my_priority>
					<my_tags><![CDATA[]]></my_tags>
					<my_rewatching>0</my_rewatching>
					<my_rewatching_ep>0</my_rewatching_ep>
					<my_discuss>1</my_discuss>
					<my_sns>default</my_sns>
					<update_on_import>0</update_on_import>
				</anime>
			
				<anime>
					<series_animedb_id>35972</series_animedb_id>
					<series_title><![CDATA[Fairy Tail: Final Series]]></series_title>
					<series_type>TV</series_type>
					<series_episodes>51</series_episodes>
					<my_id>0</my_id>
					<my_watched_episodes>51</my_watched_episodes>
					<my_start_date>0000-00-00</my_start_date>
					<my_finish_date>2022-08-20</my_finish_date>
					<my_rated></my_rated>
					<my_score>7</my_score>
					<my_storage></my_storage>
					<my_storage_value>0.00</my_storage_value>
					<my_status>Completed</my_status>
					<my_comments><![CDATA[]]></my_comments>
					<my_times_watched>0</my_times_watched>
					<my_rewatch_value></my_rewatch_value>
					<my_priority>LOW</my_priority>
					<my_tags><![CDATA[]]></my_tags>
					<my_rewatching>0</my_rewatching>
					<my_rewatching_ep>0</my_rewatching_ep>
					<my_discuss>1</my_discuss>
					<my_sns>default</my_sns>
					<update_on_import>0</update_on_import>
				</anime>
			
				<anime>
					<series_animedb_id>603</series_animedb_id>
					<series_title><![CDATA[Futari wa Precure]]></series_title>
					<series_type>TV</series_type>
					<series_episodes>49</series_episodes>
					<my_id>0</my_id>
					<my_watched_episodes>49</my_watched_episodes>
					<my_start_date>0000-00-00</my_start_date>
					<my_finish_date>2022-08-20</my_finish_date>
					<my_rated></my_rated>
					<my_score>9</my_score>
					<my_storage></my_storage>
					<my_storage_value>0.00</my_storage_value>
					<my_status>Completed</my_status>
					<my_comments><![CDATA[]]></my_comments>
					<my_times_watched>0</my_times_watched>
					<my_rewatch_value></my_rewatch_value>
					<my_priority>LOW</my_priority>
					<my_tags><![CDATA[]]></my_tags>
					<my_rewatching>0</my_rewatching>
					<my_rewatching_ep>0</my_rewatching_ep>
					<my_discuss>1</my_discuss>
					<my_sns>default</my_sns>
					<update_on_import>0</update_on_import>
				</anime>
			
				<anime>
					<series_animedb_id>23289</series_animedb_id>
					<series_title><![CDATA[Gekkan Shoujo Nozaki-kun]]></series_title>
					<series_type>TV</series_type>
					<series_episodes>12</series_episodes>
					<my_id>0</my_id>
					<my_watched_episodes>12</my_watched_episodes>
					<my_start_date>0000-00-00</my_start_date>
					<my_finish_date>2022-11-03</my_finish_date>
					<my_rated></my_rated>
					<my_score>9</my_score>
					<my_storage></my_storage>
					<my_storage_value>0.00</my_storage_value>
					<my_status>Completed</my_status>
					<my_comments><![CDATA[]]></my_comments>
					<my_times_watched>0</my_times_watched>
					<my_rewatch_value></my_rewatch_value>
					<my_priority>LOW</my_priority>
					<my_tags><![CDATA[]]></my_tags>
					<my_rewatching>0</my_rewatching>
					<my_rewatching_ep>0</my_rewatching_ep>
					<my_discuss>1</my_discuss>
					<my_sns>default</my_sns>
					<update_on_import>0</update_on_import>
				</anime>
			
				<anime>
					<series_animedb_id>52214</series_animedb_id>
					<series_title><![CDATA[Genjitsu no Yohane: Sunshine in the Mirror]]></series_title>
					<series_type>Unknown</series_type>
					<series_episodes>0</series_episodes>
					<my_id>0</my_id>
					<my_watched_episodes>0</my_watched_episodes>
					<my_start_date>0000-00-00</my_start_date>
					<my_finish_date>0000-00-00</my_finish_date>
					<my_rated></my_rated>
					<my_score>0</my_score>
					<my_storage></my_storage>
					<my_storage_value>0.00</my_storage_value>
					<my_status>Plan to Watch</my_status>
					<my_comments><![CDATA[]]></my_comments>
					<my_times_watched>0</my_times_watched>
					<my_rewatch_value></my_rewatch_value>
					<my_priority>LOW</my_priority>
					<my_tags><![CDATA[]]></my_tags>
					<my_rewatching>0</my_rewatching>
					<my_rewatching_ep>0</my_rewatching_ep>
					<my_discuss>1</my_discuss>
					<my_sns>default</my_sns>
					<update_on_import>0</update_on_import>
				</anime>
			
				<anime>
					<series_animedb_id>35006</series_animedb_id>
					<series_title><![CDATA[Happy Party Train]]></series_title>
					<series_type>Music</series_type>
					<series_episodes>1</series_episodes>
					<my_id>0</my_id>
					<my_watched_episodes>1</my_watched_episodes>
					<my_start_date>0000-00-00</my_start_date>
					<my_finish_date>0000-00-00</my_finish_date>
					<my_rated></my_rated>
					<my_score>0</my_score>
					<my_storage></my_storage>
					<my_storage_value>0.00</my_storage_value>
					<my_status>Completed</my_status>
					<my_comments><![CDATA[]]></my_comments>
					<my_times_watched>0</my_times_watched>
					<my_rewatch_value></my_rewatch_value>
					<my_priority>LOW</my_priority>
					<my_tags><![CDATA[]]></my_tags>
					<my_rewatching>0</my_rewatching>
					<my_rewatching_ep>0</my_rewatching_ep>
					<my_discuss>1</my_discuss>
					<my_sns>default</my_sns>
					<update_on_import>0</update_on_import>
				</anime>
			
				<anime>
					<series_animedb_id>28825</series_animedb_id>
					<series_title><![CDATA[Himouto! Umaru-chan]]></series_title>
					<series_type>TV</series_type>
					<series_episodes>12</series_episodes>
					<my_id>0</my_id>
					<my_watched_episodes>12</my_watched_episodes>
					<my_start_date>0000-00-00</my_start_date>
					<my_finish_date>2022-08-20</my_finish_date>
					<my_rated></my_rated>
					<my_score>8</my_score>
					<my_storage></my_storage>
					<my_storage_value>0.00</my_storage_value>
					<my_status>Completed</my_status>
					<my_comments><![CDATA[]]></my_comments>
					<my_times_watched>0</my_times_watched>
					<my_rewatch_value></my_rewatch_value>
					<my_priority>LOW</my_priority>
					<my_tags><![CDATA[]]></my_tags>
					<my_rewatching>0</my_rewatching>
					<my_rewatching_ep>0</my_rewatching_ep>
					<my_discuss>1</my_discuss>
					<my_sns>default</my_sns>
					<update_on_import>0</update_on_import>
				</anime>
			
				<anime>
					<series_animedb_id>35376</series_animedb_id>
					<series_title><![CDATA[Himouto! Umaru-chan R]]></series_title>
					<series_type>TV</series_type>
					<series_episodes>12</series_episodes>
					<my_id>0</my_id>
					<my_watched_episodes>12</my_watched_episodes>
					<my_start_date>0000-00-00</my_start_date>
					<my_finish_date>2022-08-20</my_finish_date>
					<my_rated></my_rated>
					<my_score>7</my_score>
					<my_storage></my_storage>
					<my_storage_value>0.00</my_storage_value>
					<my_status>Completed</my_status>
					<my_comments><![CDATA[]]></my_comments>
					<my_times_watched>0</my_times_watched>
					<my_rewatch_value></my_rewatch_value>
					<my_priority>LOW</my_priority>
					<my_tags><![CDATA[]]></my_tags>
					<my_rewatching>0</my_rewatching>
					<my_rewatching_ep>0</my_rewatching_ep>
					<my_discuss>1</my_discuss>
					<my_sns>default</my_sns>
					<update_on_import>0</update_on_import>
				</anime>
			
				<anime>
					<series_animedb_id>39730</series_animedb_id>
					<series_title><![CDATA[Houkago Teibou Nisshi]]></series_title>
					<series_type>TV</series_type>
					<series_episodes>12</series_episodes>
					<my_id>0</my_id>
					<my_watched_episodes>12</my_watched_episodes>
					<my_start_date>0000-00-00</my_start_date>
					<my_finish_date>2022-08-20</my_finish_date>
					<my_rated></my_rated>
					<my_score>8</my_score>
					<my_storage></my_storage>
					<my_storage_value>0.00</my_storage_value>
					<my_status>Completed</my_status>
					<my_comments><![CDATA[]]></my_comments>
					<my_times_watched>0</my_times_watched>
					<my_rewatch_value></my_rewatch_value>
					<my_priority>LOW</my_priority>
					<my_tags><![CDATA[]]></my_tags>
					<my_rewatching>0</my_rewatching>
					<my_rewatching_ep>0</my_rewatching_ep>
					<my_discuss>1</my_discuss>
					<my_sns>default</my_sns>
					<update_on_import>0</update_on_import>
				</anime>
			
				<anime>
					<series_animedb_id>11061</series_animedb_id>
					<series_title><![CDATA[Hunter x Hunter (2011)]]></series_title>
					<series_type>TV</series_type>
					<series_episodes>148</series_episodes>
					<my_id>0</my_id>
					<my_watched_episodes>148</my_watched_episodes>
					<my_start_date>0000-00-00</my_start_date>
					<my_finish_date>2022-08-20</my_finish_date>
					<my_rated></my_rated>
					<my_score>9</my_score>
					<my_storage></my_storage>
					<my_storage_value>0.00</my_storage_value>
					<my_status>Completed</my_status>
					<my_comments><![CDATA[]]></my_comments>
					<my_times_watched>0</my_times_watched>
					<my_rewatch_value></my_rewatch_value>
					<my_priority>LOW</my_priority>
					<my_tags><![CDATA[]]></my_tags>
					<my_rewatching>0</my_rewatching>
					<my_rewatching_ep>0</my_rewatching_ep>
					<my_discuss>1</my_discuss>
					<my_sns>default</my_sns>
					<update_on_import>0</update_on_import>
				</anime>
			
				<anime>
					<series_animedb_id>14719</series_animedb_id>
					<series_title><![CDATA[JoJo no Kimyou na Bouken (TV)]]></series_title>
					<series_type>TV</series_type>
					<series_episodes>26</series_episodes>
					<my_id>0</my_id>
					<my_watched_episodes>26</my_watched_episodes>
					<my_start_date>0000-00-00</my_start_date>
					<my_finish_date>0000-00-00</my_finish_date>
					<my_rated></my_rated>
					<my_score>7</my_score>
					<my_storage></my_storage>
					<my_storage_value>0.00</my_storage_value>
					<my_status>Completed</my_status>
					<my_comments><![CDATA[]]></my_comments>
					<my_times_watched>0</my_times_watched>
					<my_rewatch_value></my_rewatch_value>
					<my_priority>LOW</my_priority>
					<my_tags><![CDATA[]]></my_tags>
					<my_rewatching>0</my_rewatching>
					<my_rewatching_ep>0</my_rewatching_ep>
					<my_discuss>1</my_discuss>
					<my_sns>default</my_sns>
					<update_on_import>0</update_on_import>
				</anime>
			
				<anime>
					<series_animedb_id>20899</series_animedb_id>
					<series_title><![CDATA[JoJo no Kimyou na Bouken Part 3: Stardust Crusaders]]></series_title>
					<series_type>TV</series_type>
					<series_episodes>24</series_episodes>
					<my_id>0</my_id>
					<my_watched_episodes>24</my_watched_episodes>
					<my_start_date>0000-00-00</my_start_date>
					<my_finish_date>0000-00-00</my_finish_date>
					<my_rated></my_rated>
					<my_score>7</my_score>
					<my_storage></my_storage>
					<my_storage_value>0.00</my_storage_value>
					<my_status>Completed</my_status>
					<my_comments><![CDATA[]]></my_comments>
					<my_times_watched>0</my_times_watched>
					<my_rewatch_value></my_rewatch_value>
					<my_priority>LOW</my_priority>
					<my_tags><![CDATA[]]></my_tags>
					<my_rewatching>0</my_rewatching>
					<my_rewatching_ep>0</my_rewatching_ep>
					<my_discuss>1</my_discuss>
					<my_sns>default</my_sns>
					<update_on_import>0</update_on_import>
				</anime>
			
				<anime>
					<series_animedb_id>26055</series_animedb_id>
					<series_title><![CDATA[JoJo no Kimyou na Bouken Part 3: Stardust Crusaders 2nd Season]]></series_title>
					<series_type>TV</series_type>
					<series_episodes>24</series_episodes>
					<my_id>0</my_id>
					<my_watched_episodes>24</my_watched_episodes>
					<my_start_date>0000-00-00</my_start_date>
					<my_finish_date>0000-00-00</my_finish_date>
					<my_rated></my_rated>
					<my_score>8</my_score>
					<my_storage></my_storage>
					<my_storage_value>0.00</my_storage_value>
					<my_status>Completed</my_status>
					<my_comments><![CDATA[]]></my_comments>
					<my_times_watched>0</my_times_watched>
					<my_rewatch_value></my_rewatch_value>
					<my_priority>LOW</my_priority>
					<my_tags><![CDATA[]]></my_tags>
					<my_rewatching>0</my_rewatching>
					<my_rewatching_ep>0</my_rewatching_ep>
					<my_discuss>1</my_discuss>
					<my_sns>default</my_sns>
					<update_on_import>0</update_on_import>
				</anime>
			
				<anime>
					<series_animedb_id>31933</series_animedb_id>
					<series_title><![CDATA[JoJo no Kimyou na Bouken Part 4: Diamond wa Kudakenai]]></series_title>
					<series_type>TV</series_type>
					<series_episodes>39</series_episodes>
					<my_id>0</my_id>
					<my_watched_episodes>39</my_watched_episodes>
					<my_start_date>0000-00-00</my_start_date>
					<my_finish_date>0000-00-00</my_finish_date>
					<my_rated></my_rated>
					<my_score>9</my_score>
					<my_storage></my_storage>
					<my_storage_value>0.00</my_storage_value>
					<my_status>Completed</my_status>
					<my_comments><![CDATA[]]></my_comments>
					<my_times_watched>0</my_times_watched>
					<my_rewatch_value></my_rewatch_value>
					<my_priority>LOW</my_priority>
					<my_tags><![CDATA[]]></my_tags>
					<my_rewatching>0</my_rewatching>
					<my_rewatching_ep>0</my_rewatching_ep>
					<my_discuss>1</my_discuss>
					<my_sns>default</my_sns>
					<update_on_import>0</update_on_import>
				</anime>
			
				<anime>
					<series_animedb_id>37991</series_animedb_id>
					<series_title><![CDATA[JoJo no Kimyou na Bouken Part 5: Ougon no Kaze]]></series_title>
					<series_type>TV</series_type>
					<series_episodes>39</series_episodes>
					<my_id>0</my_id>
					<my_watched_episodes>39</my_watched_episodes>
					<my_start_date>0000-00-00</my_start_date>
					<my_finish_date>0000-00-00</my_finish_date>
					<my_rated></my_rated>
					<my_score>7</my_score>
					<my_storage></my_storage>
					<my_storage_value>0.00</my_storage_value>
					<my_status>Completed</my_status>
					<my_comments><![CDATA[]]></my_comments>
					<my_times_watched>0</my_times_watched>
					<my_rewatch_value></my_rewatch_value>
					<my_priority>LOW</my_priority>
					<my_tags><![CDATA[]]></my_tags>
					<my_rewatching>0</my_rewatching>
					<my_rewatching_ep>0</my_rewatching_ep>
					<my_discuss>1</my_discuss>
					<my_sns>default</my_sns>
					<update_on_import>0</update_on_import>
				</anime>
			
				<anime>
					<series_animedb_id>48661</series_animedb_id>
					<series_title><![CDATA[JoJo no Kimyou na Bouken Part 6: Stone Ocean]]></series_title>
					<series_type>ONA</series_type>
					<series_episodes>12</series_episodes>
					<my_id>0</my_id>
					<my_watched_episodes>12</my_watched_episodes>
					<my_start_date>0000-00-00</my_start_date>
					<my_finish_date>0000-00-00</my_finish_date>
					<my_rated></my_rated>
					<my_score>7</my_score>
					<my_storage></my_storage>
					<my_storage_value>0.00</my_storage_value>
					<my_status>Completed</my_status>
					<my_comments><![CDATA[]]></my_comments>
					<my_times_watched>0</my_times_watched>
					<my_rewatch_value></my_rewatch_value>
					<my_priority>LOW</my_priority>
					<my_tags><![CDATA[]]></my_tags>
					<my_rewatching>0</my_rewatching>
					<my_rewatching_ep>0</my_rewatching_ep>
					<my_discuss>1</my_discuss>
					<my_sns>default</my_sns>
					<update_on_import>0</update_on_import>
				</anime>
			
				<anime>
					<series_animedb_id>34933</series_animedb_id>
					<series_title><![CDATA[Kakegurui]]></series_title>
					<series_type>TV</series_type>
					<series_episodes>12</series_episodes>
					<my_id>0</my_id>
					<my_watched_episodes>12</my_watched_episodes>
					<my_start_date>0000-00-00</my_start_date>
					<my_finish_date>2022-08-20</my_finish_date>
					<my_rated></my_rated>
					<my_score>8</my_score>
					<my_storage></my_storage>
					<my_storage_value>0.00</my_storage_value>
					<my_status>Completed</my_status>
					<my_comments><![CDATA[]]></my_comments>
					<my_times_watched>0</my_times_watched>
					<my_rewatch_value></my_rewatch_value>
					<my_priority>LOW</my_priority>
					<my_tags><![CDATA[]]></my_tags>
					<my_rewatching>0</my_rewatching>
					<my_rewatching_ep>0</my_rewatching_ep>
					<my_discuss>1</my_discuss>
					<my_sns>default</my_sns>
					<update_on_import>0</update_on_import>
				</anime>
			
				<anime>
					<series_animedb_id>43969</series_animedb_id>
					<series_title><![CDATA[Kanojo mo Kanojo]]></series_title>
					<series_type>TV</series_type>
					<series_episodes>12</series_episodes>
					<my_id>0</my_id>
					<my_watched_episodes>12</my_watched_episodes>
					<my_start_date>0000-00-00</my_start_date>
					<my_finish_date>2022-08-20</my_finish_date>
					<my_rated></my_rated>
					<my_score>9</my_score>
					<my_storage></my_storage>
					<my_storage_value>0.00</my_storage_value>
					<my_status>Completed</my_status>
					<my_comments><![CDATA[]]></my_comments>
					<my_times_watched>0</my_times_watched>
					<my_rewatch_value></my_rewatch_value>
					<my_priority>LOW</my_priority>
					<my_tags><![CDATA[]]></my_tags>
					<my_rewatching>0</my_rewatching>
					<my_rewatching_ep>0</my_rewatching_ep>
					<my_discuss>1</my_discuss>
					<my_sns>default</my_sns>
					<update_on_import>0</update_on_import>
				</anime>
			
				<anime>
					<series_animedb_id>40839</series_animedb_id>
					<series_title><![CDATA[Kanojo, Okarishimasu]]></series_title>
					<series_type>TV</series_type>
					<series_episodes>12</series_episodes>
					<my_id>0</my_id>
					<my_watched_episodes>12</my_watched_episodes>
					<my_start_date>0000-00-00</my_start_date>
					<my_finish_date>2022-08-20</my_finish_date>
					<my_rated></my_rated>
					<my_score>8</my_score>
					<my_storage></my_storage>
					<my_storage_value>0.00</my_storage_value>
					<my_status>Completed</my_status>
					<my_comments><![CDATA[]]></my_comments>
					<my_times_watched>0</my_times_watched>
					<my_rewatch_value></my_rewatch_value>
					<my_priority>LOW</my_priority>
					<my_tags><![CDATA[]]></my_tags>
					<my_rewatching>0</my_rewatching>
					<my_rewatching_ep>0</my_rewatching_ep>
					<my_discuss>1</my_discuss>
					<my_sns>default</my_sns>
					<update_on_import>0</update_on_import>
				</anime>
			
				<anime>
					<series_animedb_id>42963</series_animedb_id>
					<series_title><![CDATA[Kanojo, Okarishimasu 2nd Season]]></series_title>
					<series_type>TV</series_type>
					<series_episodes>12</series_episodes>
					<my_id>0</my_id>
					<my_watched_episodes>12</my_watched_episodes>
					<my_start_date>0000-00-00</my_start_date>
					<my_finish_date>2022-08-20</my_finish_date>
					<my_rated></my_rated>
					<my_score>9</my_score>
					<my_storage></my_storage>
					<my_storage_value>0.00</my_storage_value>
					<my_status>Completed</my_status>
					<my_comments><![CDATA[]]></my_comments>
					<my_times_watched>0</my_times_watched>
					<my_rewatch_value></my_rewatch_value>
					<my_priority>LOW</my_priority>
					<my_tags><![CDATA[]]></my_tags>
					<my_rewatching>0</my_rewatching>
					<my_rewatching_ep>0</my_rewatching_ep>
					<my_discuss>1</my_discuss>
					<my_sns>default</my_sns>
					<update_on_import>0</update_on_import>
				</anime>
			
				<anime>
					<series_animedb_id>31780</series_animedb_id>
					<series_title><![CDATA[Kimi no Kokoro wa Kagayaiteru kai?]]></series_title>
					<series_type>Music</series_type>
					<series_episodes>1</series_episodes>
					<my_id>0</my_id>
					<my_watched_episodes>1</my_watched_episodes>
					<my_start_date>0000-00-00</my_start_date>
					<my_finish_date>0000-00-00</my_finish_date>
					<my_rated></my_rated>
					<my_score>0</my_score>
					<my_storage></my_storage>
					<my_storage_value>0.00</my_storage_value>
					<my_status>Completed</my_status>
					<my_comments><![CDATA[]]></my_comments>
					<my_times_watched>0</my_times_watched>
					<my_rewatch_value></my_rewatch_value>
					<my_priority>LOW</my_priority>
					<my_tags><![CDATA[]]></my_tags>
					<my_rewatching>0</my_rewatching>
					<my_rewatching_ep>0</my_rewatching_ep>
					<my_discuss>1</my_discuss>
					<my_sns>default</my_sns>
					<update_on_import>0</update_on_import>
				</anime>
			
				<anime>
					<series_animedb_id>33191</series_animedb_id>
					<series_title><![CDATA[Kishibe Rohan wa Ugokanai]]></series_title>
					<series_type>OVA</series_type>
					<series_episodes>4</series_episodes>
					<my_id>0</my_id>
					<my_watched_episodes>4</my_watched_episodes>
					<my_start_date>0000-00-00</my_start_date>
					<my_finish_date>0000-00-00</my_finish_date>
					<my_rated></my_rated>
					<my_score>0</my_score>
					<my_storage></my_storage>
					<my_storage_value>0.00</my_storage_value>
					<my_status>Completed</my_status>
					<my_comments><![CDATA[]]></my_comments>
					<my_times_watched>0</my_times_watched>
					<my_rewatch_value></my_rewatch_value>
					<my_priority>LOW</my_priority>
					<my_tags><![CDATA[]]></my_tags>
					<my_rewatching>0</my_rewatching>
					<my_rewatching_ep>0</my_rewatching_ep>
					<my_discuss>1</my_discuss>
					<my_sns>default</my_sns>
					<update_on_import>0</update_on_import>
				</anime>
			
				<anime>
					<series_animedb_id>33206</series_animedb_id>
					<series_title><![CDATA[Kobayashi-san Chi no Maid Dragon]]></series_title>
					<series_type>TV</series_type>
					<series_episodes>13</series_episodes>
					<my_id>0</my_id>
					<my_watched_episodes>13</my_watched_episodes>
					<my_start_date>0000-00-00</my_start_date>
					<my_finish_date>2022-08-20</my_finish_date>
					<my_rated></my_rated>
					<my_score>8</my_score>
					<my_storage></my_storage>
					<my_storage_value>0.00</my_storage_value>
					<my_status>Completed</my_status>
					<my_comments><![CDATA[]]></my_comments>
					<my_times_watched>0</my_times_watched>
					<my_rewatch_value></my_rewatch_value>
					<my_priority>LOW</my_priority>
					<my_tags><![CDATA[]]></my_tags>
					<my_rewatching>0</my_rewatching>
					<my_rewatching_ep>0</my_rewatching_ep>
					<my_discuss>1</my_discuss>
					<my_sns>default</my_sns>
					<update_on_import>0</update_on_import>
				</anime>
			
				<anime>
					<series_animedb_id>39247</series_animedb_id>
					<series_title><![CDATA[Kobayashi-san Chi no Maid Dragon S]]></series_title>
					<series_type>TV</series_type>
					<series_episodes>12</series_episodes>
					<my_id>0</my_id>
					<my_watched_episodes>12</my_watched_episodes>
					<my_start_date>0000-00-00</my_start_date>
					<my_finish_date>2022-08-20</my_finish_date>
					<my_rated></my_rated>
					<my_score>8</my_score>
					<my_storage></my_storage>
					<my_storage_value>0.00</my_storage_value>
					<my_status>Completed</my_status>
					<my_comments><![CDATA[]]></my_comments>
					<my_times_watched>0</my_times_watched>
					<my_rewatch_value></my_rewatch_value>
					<my_priority>LOW</my_priority>
					<my_tags><![CDATA[]]></my_tags>
					<my_rewatching>0</my_rewatching>
					<my_rewatching_ep>0</my_rewatching_ep>
					<my_discuss>1</my_discuss>
					<my_sns>default</my_sns>
					<update_on_import>0</update_on_import>
				</anime>
			
				<anime>
					<series_animedb_id>32953</series_animedb_id>
					<series_title><![CDATA[Koi ni Naritai Aquarium]]></series_title>
					<series_type>Music</series_type>
					<series_episodes>1</series_episodes>
					<my_id>0</my_id>
					<my_watched_episodes>1</my_watched_episodes>
					<my_start_date>0000-00-00</my_start_date>
					<my_finish_date>0000-00-00</my_finish_date>
					<my_rated></my_rated>
					<my_score>0</my_score>
					<my_storage></my_storage>
					<my_storage_value>0.00</my_storage_value>
					<my_status>Completed</my_status>
					<my_comments><![CDATA[]]></my_comments>
					<my_times_watched>0</my_times_watched>
					<my_rewatch_value></my_rewatch_value>
					<my_priority>LOW</my_priority>
					<my_tags><![CDATA[]]></my_tags>
					<my_rewatching>0</my_rewatching>
					<my_rewatching_ep>0</my_rewatching_ep>
					<my_discuss>1</my_discuss>
					<my_sns>default</my_sns>
					<update_on_import>0</update_on_import>
				</anime>
			
				<anime>
					<series_animedb_id>41202</series_animedb_id>
					<series_title><![CDATA[Kokoro Magic "A to Z"]]></series_title>
					<series_type>Music</series_type>
					<series_episodes>1</series_episodes>
					<my_id>0</my_id>
					<my_watched_episodes>1</my_watched_episodes>
					<my_start_date>0000-00-00</my_start_date>
					<my_finish_date>0000-00-00</my_finish_date>
					<my_rated></my_rated>
					<my_score>0</my_score>
					<my_storage></my_storage>
					<my_storage_value>0.00</my_storage_value>
					<my_status>Completed</my_status>
					<my_comments><![CDATA[]]></my_comments>
					<my_times_watched>0</my_times_watched>
					<my_rewatch_value></my_rewatch_value>
					<my_priority>LOW</my_priority>
					<my_tags><![CDATA[]]></my_tags>
					<my_rewatching>0</my_rewatching>
					<my_rewatching_ep>0</my_rewatching_ep>
					<my_discuss>1</my_discuss>
					<my_sns>default</my_sns>
					<update_on_import>0</update_on_import>
				</anime>
			
				<anime>
					<series_animedb_id>30831</series_animedb_id>
					<series_title><![CDATA[Kono Subarashii Sekai ni Shukufuku wo!]]></series_title>
					<series_type>TV</series_type>
					<series_episodes>10</series_episodes>
					<my_id>0</my_id>
					<my_watched_episodes>10</my_watched_episodes>
					<my_start_date>0000-00-00</my_start_date>
					<my_finish_date>2022-08-20</my_finish_date>
					<my_rated></my_rated>
					<my_score>8</my_score>
					<my_storage></my_storage>
					<my_storage_value>0.00</my_storage_value>
					<my_status>Completed</my_status>
					<my_comments><![CDATA[]]></my_comments>
					<my_times_watched>0</my_times_watched>
					<my_rewatch_value></my_rewatch_value>
					<my_priority>LOW</my_priority>
					<my_tags><![CDATA[]]></my_tags>
					<my_rewatching>0</my_rewatching>
					<my_rewatching_ep>0</my_rewatching_ep>
					<my_discuss>1</my_discuss>
					<my_sns>default</my_sns>
					<update_on_import>0</update_on_import>
				</anime>
			
				<anime>
					<series_animedb_id>49880</series_animedb_id>
					<series_title><![CDATA[KU-RU-KU-RU Cruller!]]></series_title>
					<series_type>Music</series_type>
					<series_episodes>1</series_episodes>
					<my_id>0</my_id>
					<my_watched_episodes>1</my_watched_episodes>
					<my_start_date>0000-00-00</my_start_date>
					<my_finish_date>0000-00-00</my_finish_date>
					<my_rated></my_rated>
					<my_score>0</my_score>
					<my_storage></my_storage>
					<my_storage_value>0.00</my_storage_value>
					<my_status>Completed</my_status>
					<my_comments><![CDATA[]]></my_comments>
					<my_times_watched>0</my_times_watched>
					<my_rewatch_value></my_rewatch_value>
					<my_priority>LOW</my_priority>
					<my_tags><![CDATA[]]></my_tags>
					<my_rewatching>0</my_rewatching>
					<my_rewatching_ep>0</my_rewatching_ep>
					<my_discuss>1</my_discuss>
					<my_sns>default</my_sns>
					<update_on_import>0</update_on_import>
				</anime>
			
				<anime>
					<series_animedb_id>41833</series_animedb_id>
					<series_title><![CDATA[Kyuuketsuki Sugu Shinu]]></series_title>
					<series_type>TV</series_type>
					<series_episodes>12</series_episodes>
					<my_id>0</my_id>
					<my_watched_episodes>12</my_watched_episodes>
					<my_start_date>0000-00-00</my_start_date>
					<my_finish_date>2022-08-20</my_finish_date>
					<my_rated></my_rated>
					<my_score>10</my_score>
					<my_storage></my_storage>
					<my_storage_value>0.00</my_storage_value>
					<my_status>Completed</my_status>
					<my_comments><![CDATA[]]></my_comments>
					<my_times_watched>0</my_times_watched>
					<my_rewatch_value></my_rewatch_value>
					<my_priority>LOW</my_priority>
					<my_tags><![CDATA[]]></my_tags>
					<my_rewatching>0</my_rewatching>
					<my_rewatching_ep>0</my_rewatching_ep>
					<my_discuss>1</my_discuss>
					<my_sns>default</my_sns>
					<update_on_import>0</update_on_import>
				</anime>
			
				<anime>
					<series_animedb_id>40879</series_animedb_id>
					<series_title><![CDATA[Love Live! Nijigasaki Gakuen School Idol Doukoukai]]></series_title>
					<series_type>TV</series_type>
					<series_episodes>13</series_episodes>
					<my_id>0</my_id>
					<my_watched_episodes>13</my_watched_episodes>
					<my_start_date>0000-00-00</my_start_date>
					<my_finish_date>2022-08-20</my_finish_date>
					<my_rated></my_rated>
					<my_score>8</my_score>
					<my_storage></my_storage>
					<my_storage_value>0.00</my_storage_value>
					<my_status>Completed</my_status>
					<my_comments><![CDATA[]]></my_comments>
					<my_times_watched>0</my_times_watched>
					<my_rewatch_value></my_rewatch_value>
					<my_priority>LOW</my_priority>
					<my_tags><![CDATA[]]></my_tags>
					<my_rewatching>0</my_rewatching>
					<my_rewatching_ep>0</my_rewatching_ep>
					<my_discuss>1</my_discuss>
					<my_sns>default</my_sns>
					<update_on_import>0</update_on_import>
				</anime>
			
				<anime>
					<series_animedb_id>48916</series_animedb_id>
					<series_title><![CDATA[Love Live! Nijigasaki Gakuen School Idol Doukoukai 2nd Season]]></series_title>
					<series_type>TV</series_type>
					<series_episodes>13</series_episodes>
					<my_id>0</my_id>
					<my_watched_episodes>13</my_watched_episodes>
					<my_start_date>0000-00-00</my_start_date>
					<my_finish_date>2022-08-20</my_finish_date>
					<my_rated></my_rated>
					<my_score>0</my_score>
					<my_storage></my_storage>
					<my_storage_value>0.00</my_storage_value>
					<my_status>Completed</my_status>
					<my_comments><![CDATA[]]></my_comments>
					<my_times_watched>0</my_times_watched>
					<my_rewatch_value></my_rewatch_value>
					<my_priority>LOW</my_priority>
					<my_tags><![CDATA[]]></my_tags>
					<my_rewatching>0</my_rewatching>
					<my_rewatching_ep>0</my_rewatching_ep>
					<my_discuss>1</my_discuss>
					<my_sns>default</my_sns>
					<update_on_import>0</update_on_import>
				</anime>
			
				<anime>
					<series_animedb_id>40246</series_animedb_id>
					<series_title><![CDATA[Love Live! School Idol Festival All Stars]]></series_title>
					<series_type>ONA</series_type>
					<series_episodes>1</series_episodes>
					<my_id>0</my_id>
					<my_watched_episodes>1</my_watched_episodes>
					<my_start_date>0000-00-00</my_start_date>
					<my_finish_date>2022-08-20</my_finish_date>
					<my_rated></my_rated>
					<my_score>0</my_score>
					<my_storage></my_storage>
					<my_storage_value>0.00</my_storage_value>
					<my_status>Completed</my_status>
					<my_comments><![CDATA[]]></my_comments>
					<my_times_watched>0</my_times_watched>
					<my_rewatch_value></my_rewatch_value>
					<my_priority>LOW</my_priority>
					<my_tags><![CDATA[]]></my_tags>
					<my_rewatching>0</my_rewatching>
					<my_rewatching_ep>0</my_rewatching_ep>
					<my_discuss>1</my_discuss>
					<my_sns>default</my_sns>
					<update_on_import>0</update_on_import>
				</anime>
			
				<anime>
					<series_animedb_id>15051</series_animedb_id>
					<series_title><![CDATA[Love Live! School Idol Project]]></series_title>
					<series_type>TV</series_type>
					<series_episodes>13</series_episodes>
					<my_id>0</my_id>
					<my_watched_episodes>13</my_watched_episodes>
					<my_start_date>0000-00-00</my_start_date>
					<my_finish_date>2022-08-20</my_finish_date>
					<my_rated></my_rated>
					<my_score>8</my_score>
					<my_storage></my_storage>
					<my_storage_value>0.00</my_storage_value>
					<my_status>Completed</my_status>
					<my_comments><![CDATA[]]></my_comments>
					<my_times_watched>0</my_times_watched>
					<my_rewatch_value></my_rewatch_value>
					<my_priority>LOW</my_priority>
					<my_tags><![CDATA[]]></my_tags>
					<my_rewatching>0</my_rewatching>
					<my_rewatching_ep>0</my_rewatching_ep>
					<my_discuss>1</my_discuss>
					<my_sns>default</my_sns>
					<update_on_import>0</update_on_import>
				</anime>
			
				<anime>
					<series_animedb_id>19111</series_animedb_id>
					<series_title><![CDATA[Love Live! School Idol Project 2nd Season]]></series_title>
					<series_type>TV</series_type>
					<series_episodes>13</series_episodes>
					<my_id>0</my_id>
					<my_watched_episodes>13</my_watched_episodes>
					<my_start_date>0000-00-00</my_start_date>
					<my_finish_date>2022-08-20</my_finish_date>
					<my_rated></my_rated>
					<my_score>8</my_score>
					<my_storage></my_storage>
					<my_storage_value>0.00</my_storage_value>
					<my_status>Completed</my_status>
					<my_comments><![CDATA[]]></my_comments>
					<my_times_watched>0</my_times_watched>
					<my_rewatch_value></my_rewatch_value>
					<my_priority>LOW</my_priority>
					<my_tags><![CDATA[]]></my_tags>
					<my_rewatching>0</my_rewatching>
					<my_rewatching_ep>0</my_rewatching_ep>
					<my_discuss>1</my_discuss>
					<my_sns>default</my_sns>
					<update_on_import>0</update_on_import>
				</anime>
			
				<anime>
					<series_animedb_id>20745</series_animedb_id>
					<series_title><![CDATA[Love Live! School Idol Project OVA]]></series_title>
					<series_type>OVA</series_type>
					<series_episodes>1</series_episodes>
					<my_id>0</my_id>
					<my_watched_episodes>1</my_watched_episodes>
					<my_start_date>0000-00-00</my_start_date>
					<my_finish_date>2022-08-20</my_finish_date>
					<my_rated></my_rated>
					<my_score>0</my_score>
					<my_storage></my_storage>
					<my_storage_value>0.00</my_storage_value>
					<my_status>Completed</my_status>
					<my_comments><![CDATA[]]></my_comments>
					<my_times_watched>0</my_times_watched>
					<my_rewatch_value></my_rewatch_value>
					<my_priority>LOW</my_priority>
					<my_tags><![CDATA[]]></my_tags>
					<my_rewatching>0</my_rewatching>
					<my_rewatching_ep>0</my_rewatching_ep>
					<my_discuss>1</my_discuss>
					<my_sns>default</my_sns>
					<update_on_import>0</update_on_import>
				</anime>
			
				<anime>
					<series_animedb_id>32526</series_animedb_id>
					<series_title><![CDATA[Love Live! Sunshine!!]]></series_title>
					<series_type>TV</series_type>
					<series_episodes>13</series_episodes>
					<my_id>0</my_id>
					<my_watched_episodes>13</my_watched_episodes>
					<my_start_date>0000-00-00</my_start_date>
					<my_finish_date>2022-08-20</my_finish_date>
					<my_rated></my_rated>
					<my_score>7</my_score>
					<my_storage></my_storage>
					<my_storage_value>0.00</my_storage_value>
					<my_status>Completed</my_status>
					<my_comments><![CDATA[]]></my_comments>
					<my_times_watched>0</my_times_watched>
					<my_rewatch_value></my_rewatch_value>
					<my_priority>LOW</my_priority>
					<my_tags><![CDATA[]]></my_tags>
					<my_rewatching>0</my_rewatching>
					<my_rewatching_ep>0</my_rewatching_ep>
					<my_discuss>1</my_discuss>
					<my_sns>default</my_sns>
					<update_on_import>0</update_on_import>
				</anime>
			
				<anime>
					<series_animedb_id>34973</series_animedb_id>
					<series_title><![CDATA[Love Live! Sunshine!! 2nd Season]]></series_title>
					<series_type>TV</series_type>
					<series_episodes>13</series_episodes>
					<my_id>0</my_id>
					<my_watched_episodes>13</my_watched_episodes>
					<my_start_date>0000-00-00</my_start_date>
					<my_finish_date>2022-08-20</my_finish_date>
					<my_rated></my_rated>
					<my_score>6</my_score>
					<my_storage></my_storage>
					<my_storage_value>0.00</my_storage_value>
					<my_status>Completed</my_status>
					<my_comments><![CDATA[]]></my_comments>
					<my_times_watched>0</my_times_watched>
					<my_rewatch_value></my_rewatch_value>
					<my_priority>LOW</my_priority>
					<my_tags><![CDATA[]]></my_tags>
					<my_rewatching>0</my_rewatching>
					<my_rewatching_ep>0</my_rewatching_ep>
					<my_discuss>1</my_discuss>
					<my_sns>default</my_sns>
					<update_on_import>0</update_on_import>
				</anime>
			
				<anime>
					<series_animedb_id>36473</series_animedb_id>
					<series_title><![CDATA[Love Live! Sunshine!! Recap]]></series_title>
					<series_type>Special</series_type>
					<series_episodes>1</series_episodes>
					<my_id>0</my_id>
					<my_watched_episodes>1</my_watched_episodes>
					<my_start_date>0000-00-00</my_start_date>
					<my_finish_date>2022-08-20</my_finish_date>
					<my_rated></my_rated>
					<my_score>0</my_score>
					<my_storage></my_storage>
					<my_storage_value>0.00</my_storage_value>
					<my_status>Completed</my_status>
					<my_comments><![CDATA[]]></my_comments>
					<my_times_watched>0</my_times_watched>
					<my_rewatch_value></my_rewatch_value>
					<my_priority>LOW</my_priority>
					<my_tags><![CDATA[]]></my_tags>
					<my_rewatching>0</my_rewatching>
					<my_rewatching_ep>0</my_rewatching_ep>
					<my_discuss>1</my_discuss>
					<my_sns>default</my_sns>
					<update_on_import>0</update_on_import>
				</anime>
			
				<anime>
					<series_animedb_id>37027</series_animedb_id>
					<series_title><![CDATA[Love Live! Sunshine!! The School Idol Movie: Over the Rainbow]]></series_title>
					<series_type>Movie</series_type>
					<series_episodes>1</series_episodes>
					<my_id>0</my_id>
					<my_watched_episodes>1</my_watched_episodes>
					<my_start_date>0000-00-00</my_start_date>
					<my_finish_date>2022-08-20</my_finish_date>
					<my_rated></my_rated>
					<my_score>0</my_score>
					<my_storage></my_storage>
					<my_storage_value>0.00</my_storage_value>
					<my_status>Completed</my_status>
					<my_comments><![CDATA[]]></my_comments>
					<my_times_watched>0</my_times_watched>
					<my_rewatch_value></my_rewatch_value>
					<my_priority>LOW</my_priority>
					<my_tags><![CDATA[]]></my_tags>
					<my_rewatching>0</my_rewatching>
					<my_rewatching_ep>0</my_rewatching_ep>
					<my_discuss>1</my_discuss>
					<my_sns>default</my_sns>
					<update_on_import>0</update_on_import>
				</anime>
			
				<anime>
					<series_animedb_id>41169</series_animedb_id>
					<series_title><![CDATA[Love Live! Superstar!!]]></series_title>
					<series_type>TV</series_type>
					<series_episodes>12</series_episodes>
					<my_id>0</my_id>
					<my_watched_episodes>12</my_watched_episodes>
					<my_start_date>0000-00-00</my_start_date>
					<my_finish_date>2022-08-20</my_finish_date>
					<my_rated></my_rated>
					<my_score>6</my_score>
					<my_storage></my_storage>
					<my_storage_value>0.00</my_storage_value>
					<my_status>Completed</my_status>
					<my_comments><![CDATA[]]></my_comments>
					<my_times_watched>0</my_times_watched>
					<my_rewatch_value></my_rewatch_value>
					<my_priority>LOW</my_priority>
					<my_tags><![CDATA[]]></my_tags>
					<my_rewatching>0</my_rewatching>
					<my_rewatching_ep>0</my_rewatching_ep>
					<my_discuss>1</my_discuss>
					<my_sns>default</my_sns>
					<update_on_import>0</update_on_import>
				</anime>
			
				<anime>
					<series_animedb_id>50203</series_animedb_id>
					<series_title><![CDATA[Love Live! Superstar!! 2nd Season]]></series_title>
					<series_type>TV</series_type>
					<series_episodes>12</series_episodes>
					<my_id>0</my_id>
					<my_watched_episodes>0</my_watched_episodes>
					<my_start_date>0000-00-00</my_start_date>
					<my_finish_date>0000-00-00</my_finish_date>
					<my_rated></my_rated>
					<my_score>0</my_score>
					<my_storage></my_storage>
					<my_storage_value>0.00</my_storage_value>
					<my_status>Plan to Watch</my_status>
					<my_comments><![CDATA[]]></my_comments>
					<my_times_watched>0</my_times_watched>
					<my_rewatch_value></my_rewatch_value>
					<my_priority>LOW</my_priority>
					<my_tags><![CDATA[]]></my_tags>
					<my_rewatching>0</my_rewatching>
					<my_rewatching_ep>0</my_rewatching_ep>
					<my_discuss>1</my_discuss>
					<my_sns>default</my_sns>
					<update_on_import>0</update_on_import>
				</anime>
			
				<anime>
					<series_animedb_id>24997</series_animedb_id>
					<series_title><![CDATA[Love Live! The School Idol Movie]]></series_title>
					<series_type>Movie</series_type>
					<series_episodes>1</series_episodes>
					<my_id>0</my_id>
					<my_watched_episodes>1</my_watched_episodes>
					<my_start_date>0000-00-00</my_start_date>
					<my_finish_date>2022-08-20</my_finish_date>
					<my_rated></my_rated>
					<my_score>8</my_score>
					<my_storage></my_storage>
					<my_storage_value>0.00</my_storage_value>
					<my_status>Completed</my_status>
					<my_comments><![CDATA[]]></my_comments>
					<my_times_watched>0</my_times_watched>
					<my_rewatch_value></my_rewatch_value>
					<my_priority>LOW</my_priority>
					<my_tags><![CDATA[]]></my_tags>
					<my_rewatching>0</my_rewatching>
					<my_rewatching_ep>0</my_rewatching_ep>
					<my_discuss>1</my_discuss>
					<my_sns>default</my_sns>
					<update_on_import>0</update_on_import>
				</anime>
			
				<anime>
					<series_animedb_id>1887</series_animedb_id>
					<series_title><![CDATA[Lucky☆Star]]></series_title>
					<series_type>TV</series_type>
					<series_episodes>24</series_episodes>
					<my_id>0</my_id>
					<my_watched_episodes>24</my_watched_episodes>
					<my_start_date>0000-00-00</my_start_date>
					<my_finish_date>2022-08-20</my_finish_date>
					<my_rated></my_rated>
					<my_score>7</my_score>
					<my_storage></my_storage>
					<my_storage_value>0.00</my_storage_value>
					<my_status>Completed</my_status>
					<my_comments><![CDATA[]]></my_comments>
					<my_times_watched>0</my_times_watched>
					<my_rewatch_value></my_rewatch_value>
					<my_priority>LOW</my_priority>
					<my_tags><![CDATA[]]></my_tags>
					<my_rewatching>0</my_rewatching>
					<my_rewatching_ep>0</my_rewatching_ep>
					<my_discuss>1</my_discuss>
					<my_sns>default</my_sns>
					<update_on_import>0</update_on_import>
				</anime>
			
				<anime>
					<series_animedb_id>49470</series_animedb_id>
					<series_title><![CDATA[Mamahaha no Tsurego ga Motokano datta]]></series_title>
					<series_type>TV</series_type>
					<series_episodes>12</series_episodes>
					<my_id>0</my_id>
					<my_watched_episodes>12</my_watched_episodes>
					<my_start_date>0000-00-00</my_start_date>
					<my_finish_date>2022-11-16</my_finish_date>
					<my_rated></my_rated>
					<my_score>7</my_score>
					<my_storage></my_storage>
					<my_storage_value>0.00</my_storage_value>
					<my_status>Completed</my_status>
					<my_comments><![CDATA[]]></my_comments>
					<my_times_watched>0</my_times_watched>
					<my_rewatch_value></my_rewatch_value>
					<my_priority>LOW</my_priority>
					<my_tags><![CDATA[]]></my_tags>
					<my_rewatching>0</my_rewatching>
					<my_rewatching_ep>0</my_rewatching_ep>
					<my_discuss>1</my_discuss>
					<my_sns>default</my_sns>
					<update_on_import>0</update_on_import>
				</anime>
			
				<anime>
					<series_animedb_id>12637</series_animedb_id>
					<series_title><![CDATA[Mogyutto "Love" de Sekkinchuu!]]></series_title>
					<series_type>Music</series_type>
					<series_episodes>1</series_episodes>
					<my_id>0</my_id>
					<my_watched_episodes>1</my_watched_episodes>
					<my_start_date>0000-00-00</my_start_date>
					<my_finish_date>0000-00-00</my_finish_date>
					<my_rated></my_rated>
					<my_score>0</my_score>
					<my_storage></my_storage>
					<my_storage_value>0.00</my_storage_value>
					<my_status>Completed</my_status>
					<my_comments><![CDATA[]]></my_comments>
					<my_times_watched>0</my_times_watched>
					<my_rewatch_value></my_rewatch_value>
					<my_priority>LOW</my_priority>
					<my_tags><![CDATA[]]></my_tags>
					<my_rewatching>0</my_rewatching>
					<my_rewatching_ep>0</my_rewatching_ep>
					<my_discuss>1</my_discuss>
					<my_sns>default</my_sns>
					<update_on_import>0</update_on_import>
				</anime>
			
				<anime>
					<series_animedb_id>20877</series_animedb_id>
					<series_title><![CDATA[Music S.T.A.R.T!!]]></series_title>
					<series_type>Music</series_type>
					<series_episodes>1</series_episodes>
					<my_id>0</my_id>
					<my_watched_episodes>1</my_watched_episodes>
					<my_start_date>0000-00-00</my_start_date>
					<my_finish_date>0000-00-00</my_finish_date>
					<my_rated></my_rated>
					<my_score>0</my_score>
					<my_storage></my_storage>
					<my_storage_value>0.00</my_storage_value>
					<my_status>Completed</my_status>
					<my_comments><![CDATA[]]></my_comments>
					<my_times_watched>0</my_times_watched>
					<my_rewatch_value></my_rewatch_value>
					<my_priority>LOW</my_priority>
					<my_tags><![CDATA[]]></my_tags>
					<my_rewatching>0</my_rewatching>
					<my_rewatching_ep>0</my_rewatching_ep>
					<my_discuss>1</my_discuss>
					<my_sns>default</my_sns>
					<update_on_import>0</update_on_import>
				</anime>
			
				<anime>
					<series_animedb_id>11033</series_animedb_id>
					<series_title><![CDATA[Natsu-iro Egao de 1, 2, Jump!]]></series_title>
					<series_type>Music</series_type>
					<series_episodes>1</series_episodes>
					<my_id>0</my_id>
					<my_watched_episodes>1</my_watched_episodes>
					<my_start_date>0000-00-00</my_start_date>
					<my_finish_date>0000-00-00</my_finish_date>
					<my_rated></my_rated>
					<my_score>0</my_score>
					<my_storage></my_storage>
					<my_storage_value>0.00</my_storage_value>
					<my_status>Completed</my_status>
					<my_comments><![CDATA[]]></my_comments>
					<my_times_watched>0</my_times_watched>
					<my_rewatch_value></my_rewatch_value>
					<my_priority>LOW</my_priority>
					<my_tags><![CDATA[]]></my_tags>
					<my_rewatching>0</my_rewatching>
					<my_rewatching_ep>0</my_rewatching_ep>
					<my_discuss>1</my_discuss>
					<my_sns>default</my_sns>
					<update_on_import>0</update_on_import>
				</anime>
			
				<anime>
					<series_animedb_id>21</series_animedb_id>
					<series_title><![CDATA[One Piece]]></series_title>
					<series_type>TV</series_type>
					<series_episodes>0</series_episodes>
					<my_id>0</my_id>
					<my_watched_episodes>999</my_watched_episodes>
					<my_start_date>0000-00-00</my_start_date>
					<my_finish_date>0000-00-00</my_finish_date>
					<my_rated></my_rated>
					<my_score>9</my_score>
					<my_storage></my_storage>
					<my_storage_value>0.00</my_storage_value>
					<my_status>On-Hold</my_status>
					<my_comments><![CDATA[]]></my_comments>
					<my_times_watched>0</my_times_watched>
					<my_rewatch_value></my_rewatch_value>
					<my_priority>LOW</my_priority>
					<my_tags><![CDATA[]]></my_tags>
					<my_rewatching>0</my_rewatching>
					<my_rewatching_ep>0</my_rewatching_ep>
					<my_discuss>1</my_discuss>
					<my_sns>default</my_sns>
					<update_on_import>0</update_on_import>
				</anime>
			
				<anime>
					<series_animedb_id>30276</series_animedb_id>
					<series_title><![CDATA[One Punch Man]]></series_title>
					<series_type>TV</series_type>
					<series_episodes>12</series_episodes>
					<my_id>0</my_id>
					<my_watched_episodes>12</my_watched_episodes>
					<my_start_date>0000-00-00</my_start_date>
					<my_finish_date>2022-08-20</my_finish_date>
					<my_rated></my_rated>
					<my_score>8</my_score>
					<my_storage></my_storage>
					<my_storage_value>0.00</my_storage_value>
					<my_status>Completed</my_status>
					<my_comments><![CDATA[]]></my_comments>
					<my_times_watched>0</my_times_watched>
					<my_rewatch_value></my_rewatch_value>
					<my_priority>LOW</my_priority>
					<my_tags><![CDATA[]]></my_tags>
					<my_rewatching>0</my_rewatching>
					<my_rewatching_ep>0</my_rewatching_ep>
					<my_discuss>1</my_discuss>
					<my_sns>default</my_sns>
					<update_on_import>0</update_on_import>
				</anime>
			
				<anime>
					<series_animedb_id>34134</series_animedb_id>
					<series_title><![CDATA[One Punch Man 2nd Season]]></series_title>
					<series_type>TV</series_type>
					<series_episodes>12</series_episodes>
					<my_id>0</my_id>
					<my_watched_episodes>12</my_watched_episodes>
					<my_start_date>0000-00-00</my_start_date>
					<my_finish_date>2022-08-20</my_finish_date>
					<my_rated></my_rated>
					<my_score>7</my_score>
					<my_storage></my_storage>
					<my_storage_value>0.00</my_storage_value>
					<my_status>Completed</my_status>
					<my_comments><![CDATA[]]></my_comments>
					<my_times_watched>0</my_times_watched>
					<my_rewatch_value></my_rewatch_value>
					<my_priority>LOW</my_priority>
					<my_tags><![CDATA[]]></my_tags>
					<my_rewatching>0</my_rewatching>
					<my_rewatching_ep>0</my_rewatching_ep>
					<my_discuss>1</my_discuss>
					<my_sns>default</my_sns>
					<update_on_import>0</update_on_import>
				</anime>
			
				<anime>
					<series_animedb_id>52807</series_animedb_id>
					<series_title><![CDATA[One Punch Man 3]]></series_title>
					<series_type>TV</series_type>
					<series_episodes>0</series_episodes>
					<my_id>0</my_id>
					<my_watched_episodes>0</my_watched_episodes>
					<my_start_date>0000-00-00</my_start_date>
					<my_finish_date>0000-00-00</my_finish_date>
					<my_rated></my_rated>
					<my_score>0</my_score>
					<my_storage></my_storage>
					<my_storage_value>0.00</my_storage_value>
					<my_status>Plan to Watch</my_status>
					<my_comments><![CDATA[]]></my_comments>
					<my_times_watched>0</my_times_watched>
					<my_rewatch_value></my_rewatch_value>
					<my_priority>LOW</my_priority>
					<my_tags><![CDATA[]]></my_tags>
					<my_rewatching>0</my_rewatching>
					<my_rewatching_ep>0</my_rewatching_ep>
					<my_discuss>1</my_discuss>
					<my_sns>default</my_sns>
					<update_on_import>0</update_on_import>
				</anime>
			
				<anime>
					<series_animedb_id>20047</series_animedb_id>
					<series_title><![CDATA[Sakura Trick]]></series_title>
					<series_type>TV</series_type>
					<series_episodes>12</series_episodes>
					<my_id>0</my_id>
					<my_watched_episodes>12</my_watched_episodes>
					<my_start_date>0000-00-00</my_start_date>
					<my_finish_date>2022-08-20</my_finish_date>
					<my_rated></my_rated>
					<my_score>10</my_score>
					<my_storage></my_storage>
					<my_storage_value>0.00</my_storage_value>
					<my_status>Completed</my_status>
					<my_comments><![CDATA[]]></my_comments>
					<my_times_watched>0</my_times_watched>
					<my_rewatch_value></my_rewatch_value>
					<my_priority>LOW</my_priority>
					<my_tags><![CDATA[]]></my_tags>
					<my_rewatching>0</my_rewatching>
					<my_rewatching_ep>0</my_rewatching_ep>
					<my_discuss>1</my_discuss>
					<my_sns>default</my_sns>
					<update_on_import>0</update_on_import>
				</anime>
			
				<anime>
					<series_animedb_id>38759</series_animedb_id>
					<series_title><![CDATA[Sewayaki Kitsune no Senko-san]]></series_title>
					<series_type>TV</series_type>
					<series_episodes>12</series_episodes>
					<my_id>0</my_id>
					<my_watched_episodes>12</my_watched_episodes>
					<my_start_date>0000-00-00</my_start_date>
					<my_finish_date>0000-00-00</my_finish_date>
					<my_rated></my_rated>
					<my_score>8</my_score>
					<my_storage></my_storage>
					<my_storage_value>0.00</my_storage_value>
					<my_status>Completed</my_status>
					<my_comments><![CDATA[]]></my_comments>
					<my_times_watched>0</my_times_watched>
					<my_rewatch_value></my_rewatch_value>
					<my_priority>LOW</my_priority>
					<my_tags><![CDATA[]]></my_tags>
					<my_rewatching>0</my_rewatching>
					<my_rewatching_ep>0</my_rewatching_ep>
					<my_discuss>1</my_discuss>
					<my_sns>default</my_sns>
					<update_on_import>0</update_on_import>
				</anime>
			
				<anime>
					<series_animedb_id>35540</series_animedb_id>
					<series_title><![CDATA[Slow Start]]></series_title>
					<series_type>TV</series_type>
					<series_episodes>12</series_episodes>
					<my_id>0</my_id>
					<my_watched_episodes>12</my_watched_episodes>
					<my_start_date>0000-00-00</my_start_date>
					<my_finish_date>2022-09-10</my_finish_date>
					<my_rated></my_rated>
					<my_score>7</my_score>
					<my_storage></my_storage>
					<my_storage_value>0.00</my_storage_value>
					<my_status>Completed</my_status>
					<my_comments><![CDATA[]]></my_comments>
					<my_times_watched>0</my_times_watched>
					<my_rewatch_value></my_rewatch_value>
					<my_priority>LOW</my_priority>
					<my_tags><![CDATA[]]></my_tags>
					<my_rewatching>0</my_rewatching>
					<my_rewatching_ep>0</my_rewatching_ep>
					<my_discuss>1</my_discuss>
					<my_sns>default</my_sns>
					<update_on_import>0</update_on_import>
				</anime>
			
				<anime>
					<series_animedb_id>12191</series_animedb_id>
					<series_title><![CDATA[Smile Precure!]]></series_title>
					<series_type>TV</series_type>
					<series_episodes>48</series_episodes>
					<my_id>0</my_id>
					<my_watched_episodes>42</my_watched_episodes>
					<my_start_date>0000-00-00</my_start_date>
					<my_finish_date>2022-08-20</my_finish_date>
					<my_rated></my_rated>
					<my_score>0</my_score>
					<my_storage></my_storage>
					<my_storage_value>0.00</my_storage_value>
					<my_status>On-Hold</my_status>
					<my_comments><![CDATA[]]></my_comments>
					<my_times_watched>0</my_times_watched>
					<my_rewatch_value></my_rewatch_value>
					<my_priority>LOW</my_priority>
					<my_tags><![CDATA[]]></my_tags>
					<my_rewatching>0</my_rewatching>
					<my_rewatching_ep>0</my_rewatching_ep>
					<my_discuss>1</my_discuss>
					<my_sns>default</my_sns>
					<update_on_import>0</update_on_import>
				</anime>
			
				<anime>
					<series_animedb_id>9930</series_animedb_id>
					<series_title><![CDATA[Snow Halation]]></series_title>
					<series_type>Music</series_type>
					<series_episodes>1</series_episodes>
					<my_id>0</my_id>
					<my_watched_episodes>1</my_watched_episodes>
					<my_start_date>0000-00-00</my_start_date>
					<my_finish_date>0000-00-00</my_finish_date>
					<my_rated></my_rated>
					<my_score>0</my_score>
					<my_storage></my_storage>
					<my_storage_value>0.00</my_storage_value>
					<my_status>Completed</my_status>
					<my_comments><![CDATA[]]></my_comments>
					<my_times_watched>0</my_times_watched>
					<my_rewatch_value></my_rewatch_value>
					<my_priority>LOW</my_priority>
					<my_tags><![CDATA[]]></my_tags>
					<my_rewatching>0</my_rewatching>
					<my_rewatching_ep>0</my_rewatching_ep>
					<my_discuss>1</my_discuss>
					<my_sns>default</my_sns>
					<update_on_import>0</update_on_import>
				</anime>
			
				<anime>
					<series_animedb_id>1816</series_animedb_id>
					<series_title><![CDATA[Sonic X]]></series_title>
					<series_type>TV</series_type>
					<series_episodes>78</series_episodes>
					<my_id>0</my_id>
					<my_watched_episodes>78</my_watched_episodes>
					<my_start_date>0000-00-00</my_start_date>
					<my_finish_date>2022-08-20</my_finish_date>
					<my_rated></my_rated>
					<my_score>7</my_score>
					<my_storage></my_storage>
					<my_storage_value>0.00</my_storage_value>
					<my_status>Completed</my_status>
					<my_comments><![CDATA[]]></my_comments>
					<my_times_watched>0</my_times_watched>
					<my_rewatch_value></my_rewatch_value>
					<my_priority>LOW</my_priority>
					<my_tags><![CDATA[]]></my_tags>
					<my_rewatching>0</my_rewatching>
					<my_rewatching_ep>0</my_rewatching_ep>
					<my_discuss>1</my_discuss>
					<my_sns>default</my_sns>
					<update_on_import>0</update_on_import>
				</anime>
			
				<anime>
					<series_animedb_id>35839</series_animedb_id>
					<series_title><![CDATA[Sora yori mo Tooi Basho]]></series_title>
					<series_type>TV</series_type>
					<series_episodes>13</series_episodes>
					<my_id>0</my_id>
					<my_watched_episodes>13</my_watched_episodes>
					<my_start_date>0000-00-00</my_start_date>
					<my_finish_date>2022-08-20</my_finish_date>
					<my_rated></my_rated>
					<my_score>5</my_score>
					<my_storage></my_storage>
					<my_storage_value>0.00</my_storage_value>
					<my_status>Completed</my_status>
					<my_comments><![CDATA[]]></my_comments>
					<my_times_watched>0</my_times_watched>
					<my_rewatch_value></my_rewatch_value>
					<my_priority>LOW</my_priority>
					<my_tags><![CDATA[]]></my_tags>
					<my_rewatching>0</my_rewatching>
					<my_rewatching_ep>0</my_rewatching_ep>
					<my_discuss>1</my_discuss>
					<my_sns>default</my_sns>
					<update_on_import>0</update_on_import>
				</anime>
			
				<anime>
					<series_animedb_id>50265</series_animedb_id>
					<series_title><![CDATA[Spy x Family]]></series_title>
					<series_type>TV</series_type>
					<series_episodes>12</series_episodes>
					<my_id>0</my_id>
					<my_watched_episodes>12</my_watched_episodes>
					<my_start_date>0000-00-00</my_start_date>
					<my_finish_date>2022-08-20</my_finish_date>
					<my_rated></my_rated>
					<my_score>9</my_score>
					<my_storage></my_storage>
					<my_storage_value>0.00</my_storage_value>
					<my_status>Completed</my_status>
					<my_comments><![CDATA[]]></my_comments>
					<my_times_watched>0</my_times_watched>
					<my_rewatch_value></my_rewatch_value>
					<my_priority>LOW</my_priority>
					<my_tags><![CDATA[]]></my_tags>
					<my_rewatching>0</my_rewatching>
					<my_rewatching_ep>0</my_rewatching_ep>
					<my_discuss>1</my_discuss>
					<my_sns>default</my_sns>
					<update_on_import>0</update_on_import>
				</anime>
			
				<anime>
					<series_animedb_id>50602</series_animedb_id>
					<series_title><![CDATA[Spy x Family Part 2]]></series_title>
					<series_type>TV</series_type>
					<series_episodes>13</series_episodes>
					<my_id>0</my_id>
					<my_watched_episodes>0</my_watched_episodes>
					<my_start_date>0000-00-00</my_start_date>
					<my_finish_date>0000-00-00</my_finish_date>
					<my_rated></my_rated>
					<my_score>0</my_score>
					<my_storage></my_storage>
					<my_storage_value>0.00</my_storage_value>
					<my_status>Plan to Watch</my_status>
					<my_comments><![CDATA[]]></my_comments>
					<my_times_watched>0</my_times_watched>
					<my_rewatch_value></my_rewatch_value>
					<my_priority>LOW</my_priority>
					<my_tags><![CDATA[]]></my_tags>
					<my_rewatching>0</my_rewatching>
					<my_rewatching_ep>0</my_rewatching_ep>
					<my_discuss>1</my_discuss>
					<my_sns>default</my_sns>
					<update_on_import>0</update_on_import>
				</anime>
			
				<anime>
					<series_animedb_id>48556</series_animedb_id>
					<series_title><![CDATA[Takt Op. Destiny]]></series_title>
					<series_type>TV</series_type>
					<series_episodes>12</series_episodes>
					<my_id>0</my_id>
					<my_watched_episodes>12</my_watched_episodes>
					<my_start_date>0000-00-00</my_start_date>
					<my_finish_date>2022-08-20</my_finish_date>
					<my_rated></my_rated>
					<my_score>7</my_score>
					<my_storage></my_storage>
					<my_storage_value>0.00</my_storage_value>
					<my_status>Completed</my_status>
					<my_comments><![CDATA[]]></my_comments>
					<my_times_watched>0</my_times_watched>
					<my_rewatch_value></my_rewatch_value>
					<my_priority>LOW</my_priority>
					<my_tags><![CDATA[]]></my_tags>
					<my_rewatching>0</my_rewatching>
					<my_rewatching_ep>0</my_rewatching_ep>
					<my_discuss>1</my_discuss>
					<my_sns>default</my_sns>
					<update_on_import>0</update_on_import>
				</anime>
			
				<anime>
					<series_animedb_id>37579</series_animedb_id>
					<series_title><![CDATA[Tonari no Kyuuketsuki-san]]></series_title>
					<series_type>TV</series_type>
					<series_episodes>12</series_episodes>
					<my_id>0</my_id>
					<my_watched_episodes>12</my_watched_episodes>
					<my_start_date>0000-00-00</my_start_date>
					<my_finish_date>2022-08-20</my_finish_date>
					<my_rated></my_rated>
					<my_score>9</my_score>
					<my_storage></my_storage>
					<my_storage_value>0.00</my_storage_value>
					<my_status>Completed</my_status>
					<my_comments><![CDATA[]]></my_comments>
					<my_times_watched>0</my_times_watched>
					<my_rewatch_value></my_rewatch_value>
					<my_priority>LOW</my_priority>
					<my_tags><![CDATA[]]></my_tags>
					<my_rewatching>0</my_rewatching>
					<my_rewatching_ep>0</my_rewatching_ep>
					<my_discuss>1</my_discuss>
					<my_sns>default</my_sns>
					<update_on_import>0</update_on_import>
				</anime>
			
				<anime>
					<series_animedb_id>34902</series_animedb_id>
					<series_title><![CDATA[Tsurezure Children]]></series_title>
					<series_type>TV</series_type>
					<series_episodes>12</series_episodes>
					<my_id>0</my_id>
					<my_watched_episodes>12</my_watched_episodes>
					<my_start_date>2022-11-14</my_start_date>
					<my_finish_date>2022-11-15</my_finish_date>
					<my_rated></my_rated>
					<my_score>7</my_score>
					<my_storage></my_storage>
					<my_storage_value>0.00</my_storage_value>
					<my_status>Completed</my_status>
					<my_comments><![CDATA[]]></my_comments>
					<my_times_watched>0</my_times_watched>
					<my_rewatch_value></my_rewatch_value>
					<my_priority>LOW</my_priority>
					<my_tags><![CDATA[]]></my_tags>
					<my_rewatching>0</my_rewatching>
					<my_rewatching_ep>0</my_rewatching_ep>
					<my_discuss>1</my_discuss>
					<my_sns>default</my_sns>
					<update_on_import>0</update_on_import>
				</anime>
			
				<anime>
					<series_animedb_id>14951</series_animedb_id>
					<series_title><![CDATA[Wonderful Rush]]></series_title>
					<series_type>Music</series_type>
					<series_episodes>1</series_episodes>
					<my_id>0</my_id>
					<my_watched_episodes>1</my_watched_episodes>
					<my_start_date>0000-00-00</my_start_date>
					<my_finish_date>0000-00-00</my_finish_date>
					<my_rated></my_rated>
					<my_score>0</my_score>
					<my_storage></my_storage>
					<my_storage_value>0.00</my_storage_value>
					<my_status>Completed</my_status>
					<my_comments><![CDATA[]]></my_comments>
					<my_times_watched>0</my_times_watched>
					<my_rewatch_value></my_rewatch_value>
					<my_priority>LOW</my_priority>
					<my_tags><![CDATA[]]></my_tags>
					<my_rewatching>0</my_rewatching>
					<my_rewatching_ep>0</my_rewatching_ep>
					<my_discuss>1</my_discuss>
					<my_sns>default</my_sns>
					<update_on_import>0</update_on_import>
				</anime>
			
				<anime>
					<series_animedb_id>35968</series_animedb_id>
					<series_title><![CDATA[Wotaku ni Koi wa Muzukashii]]></series_title>
					<series_type>TV</series_type>
					<series_episodes>11</series_episodes>
					<my_id>0</my_id>
					<my_watched_episodes>11</my_watched_episodes>
					<my_start_date>0000-00-00</my_start_date>
					<my_finish_date>2022-10-19</my_finish_date>
					<my_rated></my_rated>
					<my_score>9</my_score>
					<my_storage></my_storage>
					<my_storage_value>0.00</my_storage_value>
					<my_status>Completed</my_status>
					<my_comments><![CDATA[]]></my_comments>
					<my_times_watched>0</my_times_watched>
					<my_rewatch_value></my_rewatch_value>
					<my_priority>LOW</my_priority>
					<my_tags><![CDATA[]]></my_tags>
					<my_rewatching>0</my_rewatching>
					<my_rewatching_ep>0</my_rewatching_ep>
					<my_discuss>1</my_discuss>
					<my_sns>default</my_sns>
					<update_on_import>0</update_on_import>
				</anime>
			
				<anime>
					<series_animedb_id>38349</series_animedb_id>
					<series_title><![CDATA[Wotaku ni Koi wa Muzukashii OVA]]></series_title>
					<series_type>OVA</series_type>
					<series_episodes>3</series_episodes>
					<my_id>0</my_id>
					<my_watched_episodes>3</my_watched_episodes>
					<my_start_date>0000-00-00</my_start_date>
					<my_finish_date>2022-10-22</my_finish_date>
					<my_rated></my_rated>
					<my_score>0</my_score>
					<my_storage></my_storage>
					<my_storage_value>0.00</my_storage_value>
					<my_status>Completed</my_status>
					<my_comments><![CDATA[]]></my_comments>
					<my_times_watched>0</my_times_watched>
					<my_rewatch_value></my_rewatch_value>
					<my_priority>LOW</my_priority>
					<my_tags><![CDATA[]]></my_tags>
					<my_rewatching>0</my_rewatching>
					<my_rewatching_ep>0</my_rewatching_ep>
					<my_discuss>1</my_discuss>
					<my_sns>default</my_sns>
					<update_on_import>0</update_on_import>
				</anime>
			
				<anime>
					<series_animedb_id>37786</series_animedb_id>
					<series_title><![CDATA[Yagate Kimi ni Naru]]></series_title>
					<series_type>TV</series_type>
					<series_episodes>13</series_episodes>
					<my_id>0</my_id>
					<my_watched_episodes>13</my_watched_episodes>
					<my_start_date>0000-00-00</my_start_date>
					<my_finish_date>2022-08-20</my_finish_date>
					<my_rated></my_rated>
					<my_score>6</my_score>
					<my_storage></my_storage>
					<my_storage_value>0.00</my_storage_value>
					<my_status>Completed</my_status>
					<my_comments><![CDATA[]]></my_comments>
					<my_times_watched>0</my_times_watched>
					<my_rewatch_value></my_rewatch_value>
					<my_priority>LOW</my_priority>
					<my_tags><![CDATA[]]></my_tags>
					<my_rewatching>0</my_rewatching>
					<my_rewatching_ep>0</my_rewatching_ep>
					<my_discuss>1</my_discuss>
					<my_sns>default</my_sns>
					<update_on_import>0</update_on_import>
				</anime>
			
				<anime>
					<series_animedb_id>550</series_animedb_id>
					<series_title><![CDATA[Yu☆Gi☆Oh!]]></series_title>
					<series_type>TV</series_type>
					<series_episodes>27</series_episodes>
					<my_id>0</my_id>
					<my_watched_episodes>27</my_watched_episodes>
					<my_start_date>0000-00-00</my_start_date>
					<my_finish_date>2022-08-20</my_finish_date>
					<my_rated></my_rated>
					<my_score>8</my_score>
					<my_storage></my_storage>
					<my_storage_value>0.00</my_storage_value>
					<my_status>Completed</my_status>
					<my_comments><![CDATA[]]></my_comments>
					<my_times_watched>0</my_times_watched>
					<my_rewatch_value></my_rewatch_value>
					<my_priority>LOW</my_priority>
					<my_tags><![CDATA[]]></my_tags>
					<my_rewatching>0</my_rewatching>
					<my_rewatching_ep>0</my_rewatching_ep>
					<my_discuss>1</my_discuss>
					<my_sns>default</my_sns>
					<update_on_import>0</update_on_import>
				</anime>
			
				<anime>
					<series_animedb_id>481</series_animedb_id>
					<series_title><![CDATA[Yu☆Gi☆Oh! Duel Monsters]]></series_title>
					<series_type>TV</series_type>
					<series_episodes>224</series_episodes>
					<my_id>0</my_id>
					<my_watched_episodes>126</my_watched_episodes>
					<my_start_date>0000-00-00</my_start_date>
					<my_finish_date>0000-00-00</my_finish_date>
					<my_rated></my_rated>
					<my_score>0</my_score>
					<my_storage></my_storage>
					<my_storage_value>0.00</my_storage_value>
					<my_status>On-Hold</my_status>
					<my_comments><![CDATA[]]></my_comments>
					<my_times_watched>0</my_times_watched>
					<my_rewatch_value></my_rewatch_value>
					<my_priority>LOW</my_priority>
					<my_tags><![CDATA[]]></my_tags>
					<my_rewatching>0</my_rewatching>
					<my_rewatching_ep>0</my_rewatching_ep>
					<my_discuss>1</my_discuss>
					<my_sns>default</my_sns>
					<update_on_import>0</update_on_import>
				</anime>
			
				<anime>
					<series_animedb_id>34798</series_animedb_id>
					<series_title><![CDATA[Yuru Camp△]]></series_title>
					<series_type>TV</series_type>
					<series_episodes>12</series_episodes>
					<my_id>0</my_id>
					<my_watched_episodes>12</my_watched_episodes>
					<my_start_date>0000-00-00</my_start_date>
					<my_finish_date>2022-08-20</my_finish_date>
					<my_rated></my_rated>
					<my_score>8</my_score>
					<my_storage></my_storage>
					<my_storage_value>0.00</my_storage_value>
					<my_status>Completed</my_status>
					<my_comments><![CDATA[]]></my_comments>
					<my_times_watched>0</my_times_watched>
					<my_rewatch_value></my_rewatch_value>
					<my_priority>LOW</my_priority>
					<my_tags><![CDATA[]]></my_tags>
					<my_rewatching>0</my_rewatching>
					<my_rewatching_ep>0</my_rewatching_ep>
					<my_discuss>1</my_discuss>
					<my_sns>default</my_sns>
					<update_on_import>0</update_on_import>
				</anime>
			
				<anime>
					<series_animedb_id>38475</series_animedb_id>
					<series_title><![CDATA[Yuru Camp△ Movie]]></series_title>
					<series_type>Movie</series_type>
					<series_episodes>1</series_episodes>
					<my_id>0</my_id>
					<my_watched_episodes>0</my_watched_episodes>
					<my_start_date>0000-00-00</my_start_date>
					<my_finish_date>0000-00-00</my_finish_date>
					<my_rated></my_rated>
					<my_score>0</my_score>
					<my_storage></my_storage>
					<my_storage_value>0.00</my_storage_value>
					<my_status>Plan to Watch</my_status>
					<my_comments><![CDATA[]]></my_comments>
					<my_times_watched>0</my_times_watched>
					<my_rewatch_value></my_rewatch_value>
					<my_priority>LOW</my_priority>
					<my_tags><![CDATA[]]></my_tags>
					<my_rewatching>0</my_rewatching>
					<my_rewatching_ep>0</my_rewatching_ep>
					<my_discuss>1</my_discuss>
					<my_sns>default</my_sns>
					<update_on_import>0</update_on_import>
				</anime>
			
				<anime>
					<series_animedb_id>38474</series_animedb_id>
					<series_title><![CDATA[Yuru Camp△ Season 2]]></series_title>
					<series_type>TV</series_type>
					<series_episodes>13</series_episodes>
					<my_id>0</my_id>
					<my_watched_episodes>13</my_watched_episodes>
					<my_start_date>0000-00-00</my_start_date>
					<my_finish_date>2022-08-20</my_finish_date>
					<my_rated></my_rated>
					<my_score>7</my_score>
					<my_storage></my_storage>
					<my_storage_value>0.00</my_storage_value>
					<my_status>Completed</my_status>
					<my_comments><![CDATA[]]></my_comments>
					<my_times_watched>0</my_times_watched>
					<my_rewatch_value></my_rewatch_value>
					<my_priority>LOW</my_priority>
					<my_tags><![CDATA[]]></my_tags>
					<my_rewatching>0</my_rewatching>
					<my_rewatching_ep>0</my_rewatching_ep>
					<my_discuss>1</my_discuss>
					<my_sns>default</my_sns>
					<update_on_import>0</update_on_import>
				</anime>
			
			</myanimelist>
			